feature,bucket,test_auc,auc_drop,mean_shift_z,is_top_adversarial_driver
EXT_SOURCE_AGE_INTERACTION,avoid_or_cap,0.6999571289754067,-0.016117451477273614,0.5169294716057085,False
DAYS_EMPLOYED,avoid_or_cap,0.5797100812016114,-0.0014187720124405612,0.207115835167682,True
DAYS_BIRTH,avoid_or_cap,0.5711379257604462,-0.0012353524807446892,0.6204153579420579,False
AGE_YEARS,avoid_or_cap,0.5711379257604462,-0.0012353524807446892,0.6204153579420584,False
DAYS_EMPLOYED_ANOM,avoid_or_cap,0.5449280434850893,-0.031593932117572554,0.7658553697344593,True
FLAG_EMP_PHONE,avoid_or_cap,0.5448111592472107,-0.03145916668236903,0.7657872936171035,False
FLAG_DOCUMENT_6,avoid_or_cap,0.5184476354573,-0.013005170523034737,0.5165713242993951,False
AMT_REQ_CREDIT_BUREAU_QRT,avoid_or_cap,0.5131252537976301,-0.008868710983764072,0.00966632744920768,True
AMT_ANNUITY,avoid_or_cap,0.5095141447045306,-0.0027234616891929075,0.00477942174775351,True
AMT_REQ_CREDIT_BUREAU_MON,avoid_or_cap,0.5028030526539062,0.0017942023439684318,0.0032629535638081025,True
AMT_REQ_CREDIT_BUREAU_WEEK,avoid_or_cap,0.5015240889653007,-0.0012162408146925152,0.0028023901795713774,True
AMT_CREDIT,avoid_or_cap,0.5014706022937823,0.026720255191518993,0.026223053385036457,True
DAYS_ID_PUBLISH,avoid_or_cap,0.5003266185736743,0.028608507415070483,2.536740885746825,False
EXT_SOURCE_MEAN,keep_prioritize,0.7128429257812527,0.0001469515243239794,0.2569133449110674,False
EXT_SOURCE_3,keep_prioritize,0.6725471040937001,0.005184074674721817,0.2606801397920914,False
EXT_SOURCE_1,keep_prioritize,0.66745100994217,-0.006897418575216752,0.336288108300468,False
EXT_SOURCE_EMPLOYMENT_INTERACTION,keep_prioritize,0.640143501598709,0.0012139347544980472,0.21967836612042518,False
EXT_SOURCE_BURDEN_RATIO,keep_prioritize,0.6340449204482888,0.013509076815874765,0.06821259119984086,False
EXT_SOURCE_CREDIT_RATIO,keep_prioritize,0.6106123937375674,0.0012584305104423876,0.05231064278862831,False
EMPLOYMENT_YEARS,keep_prioritize,0.5797100812016113,-0.0014187720124404501,0.20711583516768223,False
EXT_SOURCE_STD,keep_prioritize,0.5625950686334859,-0.0193360837014801,0.009654763516792196,False
EXT_SOURCE_2,use_carefully,0.6382907311636431,0.019860625559203204,0.0965364970474629,False
OWN_CAR_AGE,use_carefully,0.5565064447031102,0.004289196530900874,0.00704683668249424,False
REGION_RATING_CLIENT_W_CITY,use_carefully,0.543717566394962,0.007953147367975033,0.025834827572810148,False
DAYS_REGISTRATION,use_carefully,0.5436734395467662,-0.006122481482928821,0.20686056854573381,False
REGION_RATING_CLIENT,use_carefully,0.5433729245389043,0.006984473773074762,0.020848296244062862,False
FLOORSMAX_MEDI,use_carefully,0.5419530347947785,0.007922627599557419,0.00677041671578514,False
FLOORSMAX_AVG,use_carefully,0.5415104988337256,0.009087738939089762,0.006562865316834931,False
DAYS_LAST_PHONE_CHANGE,use_carefully,0.5408412038173944,0.019999982946663497,0.17300559508377605,False
REG_CITY_NOT_WORK_CITY,use_carefully,0.5408348097328066,-0.006783481374721845,0.19789243259573674,False
FLOORSMAX_MODE,use_carefully,0.5399270726171277,0.008938545050358404,0.005508260339544094,False
LIVINGAREA_AVG,use_carefully,0.537529688190183,0.01115785240628242,0.0029948697266467057,False
HOUSING_MISSING_COUNT,use_carefully,0.5373992980451772,0.0010259198679689607,0.03371078264832912,False
LIVINGAREA_MEDI,use_carefully,0.5373029878845482,0.010871621574895074,0.0024256493096863297,False
TOTALAREA_MODE,use_carefully,0.5352947155279222,0.010783035810383312,0.002132540764060733,False
FLAG_DOCUMENT_3,use_carefully,0.5349132138540215,-0.0029946952656084713,0.12320601401713767,False
LIVINGAREA_MODE,use_carefully,0.5348075651343112,0.010567903191311734,0.0029420092743915687,False
APARTMENTS_AVG,use_carefully,0.5337005326081943,0.0061728182436604495,0.0048260172794840316,False
APARTMENTS_MEDI,use_carefully,0.5335172399151503,0.005586648738012068,0.005080334293360548,False
HOUSING_QUALITY_MEAN,use_carefully,0.5324378968327355,0.01243796012584264,0.0008712973927885841,False
APARTMENTS_MODE,use_carefully,0.5312527790190551,0.006294203401503662,0.006005539564362517,False
LIVINGAPARTMENTS_MEDI,use_carefully,0.5310179483097703,0.005783745209054003,0.022797118810010144,False
LIVINGAPARTMENTS_AVG,use_carefully,0.5298333272749378,0.007875999622815932,0.02303178976740478,False
ELEVATORS_MEDI,use_carefully,0.5298107148628101,0.010509614695741853,0.0011799638545546105,False
ELEVATORS_AVG,use_carefully,0.5296405042916718,0.011600662202920664,0.0006483242933267534,False
YEARS_BEGINEXPLUATATION_MEDI,use_carefully,0.5278425689332977,0.0036368154661075014,0.0075520908958495265,False
LIVINGAPARTMENTS_MODE,use_carefully,0.5278376667573337,0.006940599536902403,0.022990039943104477,False
LIVE_CITY_NOT_WORK_CITY,use_carefully,0.5275919753880745,-0.009404593016365648,0.12264233876257988,False
YEARS_BEGINEXPLUATATION_AVG,use_carefully,0.5275726639149086,0.0038867815580335696,0.0069728605680187995,False
YEARS_BEGINEXPLUATATION_MODE,use_carefully,0.5270334406069123,0.003935340851890179,0.0038204746526000833,False
ELEVATORS_MODE,use_carefully,0.5261810656573287,0.012068594572613778,0.001688401085059031,False
FLAG_WORK_PHONE,use_carefully,0.5259950057298709,-0.01051775541909028,0.11171751146147661,False
REGION_POPULATION_RELATIVE,use_carefully,0.5253977870809502,0.008748935448615547,0.012135237741245879,False
FLOORSMIN_MEDI,use_carefully,0.5253757285601447,0.012510475374158836,0.003248041709183656,False
ENTRANCES_AVG,use_carefully,0.5244441045988637,0.00227910345269855,0.017949597508583822,False
HOUSING_QUALITY_STD,use_carefully,0.524384605432627,0.001451197459299669,0.01283657139713565,False
ENTRANCES_MEDI,use_carefully,0.5241789602005404,0.002166663999099594,0.01835093780836362,False
AMT_REQ_CREDIT_BUREAU_YEAR,use_carefully,0.5239841717318446,-0.0024783685861240468,0.05337411978192823,False
FLOORSMIN_AVG,use_carefully,0.5238699870493415,0.014808651084864843,0.003106582340774565,False
FLOORSMIN_MODE,use_carefully,0.523168647940681,0.013179960172824301,0.0030362428903666894,False
HOUR_APPR_PROCESS_START,use_carefully,0.5223697107368158,0.004335923013897625,0.08401983631244138,False
EXT_SOURCE_COUNT,use_carefully,0.5219818687451487,0.008153825076840704,0.012375290590763914,False
OBS_30_CNT_SOCIAL_CIRCLE,use_carefully,0.5207764394053961,-0.013743075369639812,0.014612620165089803,False
DEF_30_CNT_SOCIAL_CIRCLE,use_carefully,0.5207068748927718,-0.0015506923481244383,0.01293279469752831,False
COMMONAREA_MEDI,use_carefully,0.5206122960922992,0.0006243794585771845,0.014734799409744462,False
COMMONAREA_AVG,use_carefully,0.5203789712191458,0.001510729185008719,0.014664651365697187,False
OBS_60_CNT_SOCIAL_CIRCLE,use_carefully,0.5202260406343138,-0.013131906731565057,0.015486023440584881,False
CNT_CHILDREN,use_carefully,0.519370680677409,-0.003508566413015779,0.08199778223912985,False
ENTRANCES_MODE,use_carefully,0.519246098807711,0.004547888794516508,0.018371065490760192,False
REG_CITY_NOT_LIVE_CITY,use_carefully,0.5188402062380048,0.0022172262156762157,0.15337405111209002,False
COMMONAREA_MODE,use_carefully,0.518784826123067,-0.0011151198727941125,0.01566308847957855,False
ANNUITY_INCOME_RATIO,use_carefully,0.5175077723779467,0.003609336613175196,0.06789826189396907,False
DEF_60_CNT_SOCIAL_CIRCLE,use_carefully,0.5173779792784322,-0.001717093648140211,0.016525220346362057,False
YEARS_BUILD_MEDI,use_carefully,0.5172220024268537,0.011016659536714601,0.007379484544476641,False
YEARS_BUILD_MODE,use_carefully,0.5169135017788083,0.010623279798359753,0.007535512689099116,False
BASEMENTAREA_AVG,use_carefully,0.5168332106423228,0.011089897014250005,0.006731616985724886,False
FLAG_PHONE,use_carefully,0.5164297222841657,0.0033209165322598544,0.07240163215032172,False
YEARS_BUILD_AVG,use_carefully,0.5163011931940524,0.012079031804814955,0.00732897883229882,False
BASEMENTAREA_MEDI,use_carefully,0.5161888884529378,0.011031683192627817,0.0066019305757692125,False
NONLIVINGAREA_AVG,use_carefully,0.5153918649343063,-0.0018029981250924365,0.007369840060562625,False
NONLIVINGAREA_MEDI,use_carefully,0.515167179365312,-0.0028033080935653265,0.00802677826949522,False
NONLIVINGAREA_MODE,use_carefully,0.5148469450823258,-0.003985301134165398,0.006631740099389353,False
AMT_GOODS_PRICE,use_carefully,0.5137299603334672,0.02939964837240705,0.03014158272366307,False
INCOME_PER_FAM_MEMBER,use_carefully,0.5135863944457303,0.008042387037709764,0.09278291374602549,False
CNT_FAM_MEMBERS,use_carefully,0.5134831118177846,-0.00961620610885816,0.07074384226880112,False
BASEMENTAREA_MODE,use_carefully,0.5114006345162788,0.011513764934020343,0.004204782297922232,False
CREDIT_PER_FAM_MEMBER,use_carefully,0.5080976641533229,0.017367679574903927,0.01741093347482876,False
CREDIT_INCOME_RATIO,use_carefully,0.5076231261232791,-0.0012262643935294637,0.0815084142532366,False
LANDAREA_AVG,use_carefully,0.5073421791421786,0.010526374153647655,0.003061726478440416,False
LANDAREA_MEDI,use_carefully,0.5067029936860736,0.010992677985302013,0.002868155299115123,False
AMT_INCOME_TOTAL_CAPPED,use_carefully,0.5058145524459913,0.022662896681076128,0.05354188881392969,False
AMT_INCOME_TOTAL,use_carefully,0.5058145524459912,0.02266477524697985,0.016617225865619555,False
REG_REGION_NOT_WORK_REGION,use_carefully,0.5053107529290319,-0.004459542248005932,0.08534885977503394,False
LANDAREA_MODE,use_carefully,0.5039320732366808,0.011473854841987707,0.0027512324505697744,False
LIVE_REGION_NOT_WORK_REGION,use_carefully,0.5033617161011392,-0.0026023237796020116,0.05820419421888345,False
NONLIVINGAPARTMENTS_AVG,use_carefully,0.5032602379354304,0.002381189237126047,0.0023129182950667833,False
FLAG_DOCUMENT_16,use_carefully,0.5019718771576551,0.0005653694875157322,0.007904035697343905,False
AMT_REQ_CREDIT_BUREAU_DAY,use_carefully,0.5019119416441606,-0.001565949281918333,0.0027816653344709206,False
REG_REGION_NOT_LIVE_REGION,use_carefully,0.5017855034113197,-0.000603783042587569,0.06447990227243583,False
FLAG_DOCUMENT_8,use_carefully,0.501517815861345,0.004910305725131292,0.06661673755417714,False
NONLIVINGAPARTMENTS_MODE,use_carefully,0.5014696141212518,0.00010071812457468354,0.0008460334803560957,False
NONLIVINGAPARTMENTS_MEDI,use_carefully,0.5014547863263814,0.0028164733144491194,0.0011209930395552085,False
SK_ID_CURR,use_carefully,0.5013709168195696,0.00019815503964892844,0.0003045944740482163,False
FLAG_DOCUMENT_13,use_carefully,0.5010859050861804,0.00022642218959678662,0.01581333348739249,False
FLAG_DOCUMENT_18,use_carefully,0.5007908899665511,0.000803804983001144,0.03383212951964513,False
FLAG_DOCUMENT_14,use_carefully,0.5007657084681492,0.00041259069134103044,0.02151377845669664,False
AMT_REQ_CREDIT_BUREAU_HOUR,use_carefully,0.5007459126715966,-0.0006991210472394593,0.00470896679115727,False
FLAG_DOCUMENT_5,use_carefully,0.5005310132798053,-0.00020584949871049751,0.013965650553775357,False
FLAG_DOCUMENT_9,use_carefully,0.5004495601208901,0.00018045142877587406,0.024639454336730336,False
FLAG_EMAIL,use_carefully,0.5004004164827525,0.0008321792337835365,0.04372015670505654,False
FLAG_DOCUMENT_15,use_carefully,0.5003763916331427,5.807059256213165e-05,0.008223913177088595,False
FLAG_DOCUMENT_11,use_carefully,0.5002549017033869,0.0004135289858819835,0.037262484888539,False
FLAG_CONT_MOBILE,use_carefully,0.5002341029284201,-0.00012328125487226504,0.006439038752676737,False
FLAG_DOCUMENT_20,use_carefully,0.5001689194979966,-0.00012936826728904283,0.0016554296097937567,False
FLAG_DOCUMENT_19,use_carefully,0.5001429576100481,-1.529421112123064e-05,0.0022308920217061017,False
FLAG_DOCUMENT_2,use_carefully,0.5001168842378787,-0.00010190237645757438,0.0028511829335266274,False
FLAG_DOCUMENT_17,use_carefully,0.500086539626495,2.654622926245853e-05,0.009018138341486048,False
FLAG_DOCUMENT_7,use_carefully,0.5000389985740332,6.232821080831563e-05,0.0007983567638765002,False
FLAG_DOCUMENT_21,use_carefully,0.5000346158505979,0.00013936781464829462,0.019964170373855148,False
FLAG_DOCUMENT_4,use_carefully,0.500017307925299,3.335546712179838e-05,0.006211345123132505,False
FLAG_DOCUMENT_10,use_carefully,0.5000086539626495,2.866360130360235e-07,6.556339498902726e-08,False
